{
  "type": "minecraft:entity",
  "pools": [
    {
      "name": "blights",
      "rolls": 1,
      "entries": [
        {
          "type": "minecraft:item",
          "weight": 100,
          "functions": [
            {
              "function": "minecraft:set_count",
              "count": {
                "min": 12.0,
                "max": 29.0,
                "type": "minecraft:uniform"
              }
            }
          ],
          "name": "scalinghealth:heart_crystal_shard"
        }
      ],
      "conditions": [
        {
          "condition": "scalinghealth:mob_properties",
          "entity": "this",
          "is_blight": true
        },
        {
          "condition": "minecraft:killed_by_player"
        }
      ]
    }
  ]
}