{
  "version": 1,
  "data": {
    "textures": {
      "antiqueatlas:nether_bridge": 1
    },
    "stitch": {
      "antiqueatlas:nether_bridge_gate": "both",
      "antiqueatlas:nether_tower": "both",
      "antiqueatlas:nether_hall": "both",
      "antiqueatlas:nether_fort_stairs": "both",
      "antiqueatlas:nether_throne": "both",
      "antiqueatlas:nether_bridge_z": "vertical",
      "antiqueatlas:nether_bridge_end_z": "vertical",
      "antiqueatlas:nether_bridge_x": "horizontal",
      "antiqueatlas:nether_bridge_end_x": "horizontal"
    }
  }
}
