{
  "version": 1,
  "data": {
    "textures": {
      "antiqueatlas:plateau_grass": 1,
      "antiqueatlas:plateau_grass2": 1,
      "antiqueatlas:plateau_grass3": 1,
      "antiqueatlas:plateau_savanna2": 1,
      "antiqueatlas:plateau_savanna3": 1,
      "antiqueatlas:cliffs_clouds": 1,
      "antiqueatlas:savanna_cliffs_clouds": 1,
      "antiqueatlas:savanna_cliffs_clouds2": 1,
      "antiqueatlas:savanna_cliffs_clouds3": 1
    },
    "stitch":{
      "antiqueatlas:plateau_mesa": "both",
      "antiqueatlas:plateau_mesa_trees": "both",
      "antiqueatlas:plateau_savanna": "both"
    }
  }
}
