{
  "parent": "minecraft:item/generated",
  "textures": {
    "layer0": "betteranimalsplus:items/venison_cooked"
  },
  "overrides": [
    {
      "predicate": {
        "eatinganimation:eating": 1.0,
        "eatinganimation:eat": 0.35
      },
      "model": "eatinganimation:item/venison_cooked_0"
    },
    {
      "predicate": {
        "eatinganimation:eating": 1.0,
        "eatinganimation:eat": 0.7
      },
      "model": "eatinganimation:item/venison_cooked_1"
    },
    {
      "predicate": {
        "eatinganimation:eating": 1.0,
        "eatinganimation:eat": 0.9
      },
      "model": "eatinganimation:item/venison_cooked_2"
    }
  ]
}