{
  "healthMode" : {
    "operation" : "MULTIPLY_BASE",
    "scaling_reduction" : 0.5
  },
  "general" : {
    "passiveMultiplier" : 0.375,
    "hostileMultiplier" : 0.375,
    "hostilePotionChance" : 0.06,
    "peacefulPotionChance" : 0.005,
    "damageBoostScale" : 0.1,
    "maxDamageBoost" : 10,
    "spawnerModifier" : 0.3,
    "xpBoost" : 0.03
  },
  "effects" :
  [],
  "blights" : {
    "blightChance" : 0.005,
    "blightXpBoost" : 2,
    "notifyBlightDeath" : true,
    "blightDifficultyModifier" : 1.7,
    "effects" :
    [
      {
        "effect" : "minecraft:speed",
        "level" : 5,
        "minDifficulty" : 0,
        "durationInMinutes" : 5.0
      },
      {
        "effect" : "minecraft:fire_resistance",
        "level" : 1,
        "minDifficulty" : 0,
        "durationInMinutes" : 10.0
      },
      {
        "effect" : "minecraft:strength",
        "level" : 4,
        "minDifficulty" : 0,
        "durationInMinutes" : 5.0
      },
      {
        "effect" : "minecraft:resistance",
        "level" : 2,
        "minDifficulty" : 0,
        "durationInMinutes" : 5.0
      }
    ]
  },
  "pets" : {
    "petsRegenDelay" : 30,
    "petsHealthCrystalGain" : 5
  }
}