{
  "pools": [
    {
      "name": "crystals",
      "rolls": 1,
      "entries": [
        {
          "type": "minecraft:item",
          "weight": 1,
          "functions": [
            {
              "function": "minecraft:set_count",
              "count": {
                "min": 0.0,
                "max": 2.0,
                "type": "minecraft:uniform"
              }
            }
          ],
          "name": "scalinghealth:heart_crystal_shard"
        },
        {
          "type": "minecraft:item",
          "weight": 1,
          "functions": [
            {
              "function": "minecraft:set_count",
              "count": {
                "min": 0.0,
                "max": 1.0,
                "type": "minecraft:uniform"
              }
            }
          ],
          "name": "scalinghealth:power_crystal_shard"
        }
      ],
      "conditions": [
        {
          "condition": "minecraft:random_chance",
          "chance": 0.005
        },
        {
          "condition": "minecraft:killed_by_player"
        }
      ]
    },
    {
      "name": "extras",
      "rolls": 1,
      "entries": [
        {
          "type": "minecraft:item",
          "weight": 10,
          "functions": [
            {
              "function": "minecraft:set_count",
              "count": {
                "min": 0.0,
                "max": 2.0,
                "type": "minecraft:uniform"
              }
            }
          ],
          "name": "scalinghealth:bandages"
        },
        {
          "type": "minecraft:item",
          "functions": [
            {
              "function": "minecraft:set_count",
              "count": 1
            }
          ],
          "name": "scalinghealth:medkit"
        }
      ],
      "conditions": [
        {
          "condition": "scalinghealth:mob_properties",
          "entity": "this",
          "is_blight": false,
          "difficulty": {
            "min": 10.0,
            "max": 2.14748365E9
          }
        },
        {
          "condition": "minecraft:random_chance_with_looting",
          "chance": 0.025,
          "looting_multiplier": 0.005
        }
      ]
    },
    {
      "name": "difficulty_mutators",
      "rolls": 1,
      "entries": [
        {
          "type": "minecraft:item",
          "functions": [
            {
              "function": "minecraft:set_count",
              "count": 1
            }
          ],
          "name": "scalinghealth:chance_heart"
        },
        {
          "type": "minecraft:item",
          "functions": [
            {
              "function": "minecraft:set_count",
              "count": 1
            }
          ],
          "name": "scalinghealth:enchanted_heart"
        }
      ],
      "conditions": [
        {
          "condition": "scalinghealth:mob_properties",
          "entity": "this",
          "is_blight": false,
          "difficulty": {
            "min": 70.0,
            "max": 2.14748365E9
          }
        },
        {
          "condition": "minecraft:random_chance_with_looting",
          "chance": 0.015,
          "looting_multiplier": 0.025
        }
      ]
    },
    {
      "name": "blights",
      "rolls": 1,
      "entries": [
      ],
      "conditions": [
        {
          "condition": "scalinghealth:mob_properties",
          "entity": "this",
          "is_blight": true,
          "difficulty": {
            "min": 0.0,
            "max": 2.14748365E9
          }
        },
        {
          "condition": "minecraft:killed_by_player"
        }
      ]
    }
  ]
}